FRS_ID,TRI_FACILITY_ID,GHG_ID
110000494206,49727STJRD301SP,1005527
110017419523,54113PPLTN540PR,1001762
110017419523,54113PPLTN540PR,1000078
110000607834,47966NLNDCCOUNT,1007266
110000424611,55164KCHRFPOBOX,1006985
110000424611,55164KCHRFPOBOX,1010504
110000605587,47025TNNRSAEPDR,1001532
110056953890,45157CGBCK757OL,1000840
110000497445,55379RHRML800WE,1005546
110000438125,61607DDWRD7800S,1001514
110000434352,60617HRSHD2701E,1004427
110022523269,48218SCKBT14ZUG,1007392
110000403581,47567FRNKR6825N,1001545
110000427048,56171LLNTN84412,1000685
110033213902,4585WPTBRF3875S,1007730
110000422702,54703HTCHN2435A,1010901
110043782760,45011CTYFH960NT,1000856
110055079702,55314MNNST777BO,1011915
110000397794,46312LTVST3001D,1000588
110000422383,54507RHNLN515WE,1005991
110005425682,54952WSCNS3RDAN,1004222
110038496712,45750MCPRFPOBOX,1008750
110043794212,43056KSRLMROUTE,1007957
110028019258,60915BNGFD885NK,1005076
110043782261,60436JLTGN1601S,1001519
110031001467,54725WSTRNN1185,1006022
110054838459,48217DTRTS1025S,1010625
110001825231,49946CLTXC200SO,1006082
110000497141,48229GRTLKNO1QU,1001834
110010306784,48178QNXMC400MC,1008897
110000426272,55720SGNTR35ARC,1001901
110004588875,44053FRSTN7107W,1000109
110015870912,56001HNYMD2060S,1004656
110000385878,44077CTYFP325RI,1002545
110000772593,60938NCBRS540EU,1004033
110056339886,54904TCNRG4995S,1007093
110002354602,47885WBSHR444WS,1004699
110013962514,53207JNSSL700EA,1003426
110041568568,44875HSTLT140WE,1005385
110000403215,47421GMCCNNORTH,1002875
110050297936,62526DMCRN4666F,1005661
110000395117,45601MDCRP401SP,1000183
110000384361,43616SHLCM4001C,1006078
110018071922,60507CTRPLRT31B,1003985
110000384487,43701RMCDV1724L,1003418
110000437974,61547GLDSC8300W,1005465
110000382069,43137MRCNL9301U,1000846
110000493706,46392NRTHR2723E,1001023
110000420152,53703MDSNG717EM,1000979
110021308253,61858VRMLN6MILE,1001526
110064338104,4470WTHTMK2514W,1003861
110016940159,53094CNCRDN8914,1001086
110007565214,47150PSNRG30JAC,1001543
110057376398,45805BPCHMFORTA,1002955
110000741966,45750LKMMTROUTE,1004376
110033594064,44142FRDMT5600H,1002752
110000412367,49858GRTLK7014T,1007603
110044891150,47620SGCBB8511W,1001033
110000384307,43616CLTNC1400O,1009487
110000410396,49417GRNDH1231N,1002371
110018241829,62361SYLNDHWY10,1007331
110041204265,47501GRNPR2000S,1004640
110000547052,45802RCDNH1900F,1002229
110000497150,48441DTRTD755NH,1007428
110000595543,61350LBBYWCENTE,1004072
110017408287,46992SGNTRMILLS,1007883
110043795970,53190LSPWH111CO,1001292
110056973333,43931RMTCRPOBOX,1003843
110009423203,43402RMTCN11HAS,1009675
110001306293,47102MRGNF90WES,1006765
110000426263,55720PTLTCNORTH,1001995
110000383184,43416BRSHWSOUTH,1011243
110000404839,48060JMSRV218RI,1005704
110041503067,43025GNWRK611ON,1004717
110000500501,62739MRNCR134CI,1006889
110000412045,49634PCKGN2245U,1006367
110000397712,46302XDCRP2601W,1004345
110000496981,44622NNCMP875HA,1005866
110000438679,62002LCLDSCUTST,1003268
110010534261,43616SNRFN1819W,1001056
110000395625,45840CPRTRLIMAW,1004220
110017410595,47933NCRST400SO,1004151
110000767206,47025JSPHS7RIDG,1004530
110008604670,44815HLMNC1967W,1004020
110000412321,49829PPRPN2000P,1002697
110001318832,49099WHTPG15781,1004553
110017410318,61327XLNCXRRIBO,1005944
110000792508,47394NCHRG603EN,1006060
110024825509,49840WSTRN181WC,1002725
110038439687,6143WBGRVR11SE2,1006787
110032592317,46962PTBRF868E8,1007525
110037615694,45331NDRSN5728E,1000035
110067409593,4638WPRTTP35ANT,1011979
110000425040,55350HTCHN40WES,1010902
110000406640,48211CDLLC2500E,1003225
110000397963,46320MRCNM1100I,1001090
110000612212,61641KYSTN7000S,1004811
110003086320,46312SGYPS3501C,1002300
110000437616,61301CRSCH1500E,1003956
110000605417,43811MRCNL47201,1000845
110000422846,54806NRTHR122N1,1000978
110043569821,43611LBBYG940AS,1005121
110020155945,55021MNNST41PAR,1007314
110005518136,54166SHWNPRTEMM,1002871
110041175000,47336KRRXX524EC,1000002
110040894761,62306QNCYS1900G,1000376
110000397419,46231QMTCN7870W,1003794
110040904091,61244JHNDR11001,1001732
110042084570,49720MDSCMBELLS,1005629
110000434833,60626SCLCT6601N,1009615
110000383870,43566MNVLL6050R,1002907
110043788327,45620MRCNL7397N,1001194
110056958582,44130PRDCT12900,1010675
110000434717,60623CRWFR3501S,1001518
110000404349,47928PSCYG3300N,1001540
110000395162,45631HVLLY5758O,1000853
110039503089,5615WHGHWT245US,1005586
110000850623,45804SRMYL1155B,1002228
110041188773,60064BBTTL1400N,1002975
110038174098,60914BRMNGRR1BO,1002621
110000384673,43812CSHCTSTATE,1003417
110067426654,45001MNSNT356TH,1002879
110000846167,46051WNSBRBROOK,1006551
110000423140,54912PPLTN825EW,1002596
110000422249,54481WTRRN2691W,1002854
110021016229,45804SPLML122SM,1004504
110017393907,47933CRWFR700LA,1003132
110046371500,4504WSNCKN3353Y,1006159
110000411956,49601CMCST23010,1006980
110006108942,43545CMPBLEASTM,1004254
110018218720,61254BPNCXHIGHW,1000037
110000391380,44811CNTRL605GO,1002526
110000394742,45414MLSNC5600B,1001624
110000422392,54552FLMBP200NO,1007644
110000410742,49431THDWCSOUTH,1001708
110000417923,53184SGNTR208AD,1006051
110025333388,48917GNRLM85REL,1004605
110018167053,62454CCRBN12187,1005939
110000420884,54115NCLTP200MA,1004045
110007346229,54880CLMCRHILLA,1002919
110018270672,60411RHDNC12STA,1006664
110032665300,46510LSDRY7344S,1002988
110000392496,45042JFFRS407CH,1004982
110005266620,53022GRMNTN96W1,1006633
110018406679,62040GRNTC20THS,1006041
110000382906,43302WHRLP1300M,1006233
110000544215,54481CNSLD707AR,1006193
110000438884,62201THYLPMONSA,1003853
110024424513,48866MCHGN431WW,1011582
110037247912,47567NDNPLRRTE1,1001536
110056964067,45856PRTCC5000C,1003136
110024470240,6132WMRQSN11953,1005374
110000439918,62914BNGCR304TH,1005019
110000392174,45013CHMPN601NO,1005904
110015742605,49707LFRGCFORDA,1005874
110000385066,44004SCMCH2426M,1006866
110000404278,47905CTRPL3701S,1004470
110000733047,49660MRTNT1806T,1001663
110000386332,44095FRSTN10ERI,1006952
110000426487,55912STNTL37011,1005945
110000403661,47620CGBSY2781B,1010549
110000420973,54130THLMNTHILM,1002339
110000391898,44901MPRDT913BO,1006530
110000395974,45885THGDY1115S,1005177
110000425807,55425CYPRS2401E,1000354
110000437091,61104GNTCR302PE,1009622
110000547196,60450KZCHMTABLE,1007343
110000497034,45414CRGLL3201N,1006637
110000410760,49441CWCCS2672H,1007980
110000393333,45217PRCTR5201S,1000186
110000420385,53901CLMBNW8385,1001186
110000595856,62960LLDSGUSHWY,1000631
110041028492,55721BSWLL1200N,1000687
110022523447,56119MNNST121ZE,1006609
110009699282,44646GRFPC787WA,1004536
110002379060,49660MRTNM1800E,1005855
110018338155,6293WTHMRC985HI,1010108
110002034539,54125GDMNV200CA,1007559
110000427440,56560MRCNC2500N,1006877
110000425059,55350MMGMDHIGHW,1004914
110000436314,61008BLVDR3000W,1002357
110000395475,45804SHLCM1150S,1000411
110000421464,54302GRNBY1601N,1001825
110000437812,61364WNSLL901NS,1002189
110000900008,48077STRLN35777,1005484
110000382773,43229NHSRB700ES,1006111
110043779783,54474WSTNP2501M,1000986
110001961912,47885PSWBS450BO,1007378
110030735916,60619VRSNC1355E,1008735
110000426548,55965PRCRN701IN,1004230
110000404517,48006DTRTD7000K,1001012
110000421776,54401MXXXX144RO,1007698
110056958662,43430GRYMN21880,1002767
110009453251,61834FBRTQ3650S,1009616
110025400046,6136WNVBFL614SH,1010538
110000389213,44301BFGDR240WE,1004615
110018359364,62286SPRTN510EM,1009864
110055027331,48686DWCRN3901S,1002166
110000401761,46992WBSHLOLDUS,1001721
110041189923,61832LHFFG321EA,1005954
110000395260,45661SDPRT3930U,1003709
110056956281,62707CTYWT3100S,1001529
110023153969,53563NTDTH125CH,1006138
110000412330,49854MNSTQ453SM,1005073
110043807538,6204WGTWYN2585E,1003204
110013399072,48723MCHGN1551E,1004584
110012145507,55926GRTRV68435,1001165
110000405945,48161NRTHS3000E,1004411
110000422141,54474WYRHS200GR,1005345
110000405696,48134MZDMT1MAZD,1001722
110000399462,46552NTKXX30755,1003581
110000421552,54303WSTRN101JA,1002724
110000381845,43105HPPRB310WA,1001671
110056964030,49855PRSQS2701L,1000680
110001986218,43435MLLRS3964C,1007289
110000392673,45067MLLRB2525W,1002904
110000382666,43228KLKNF5115F,1010654
110038104654,6044WPRRPC46GIB,1004260
110000400575,46750SLTKN701NB,1005592
110013294087,53511RVRSD141WB,1000136
110008694975,56176LKFLD21592,1000203
110037103675,4671WLXNLL139SU,1010531
110000423364,54936MRCRYW6250,1003063
110000423667,55016MCHMLHIGHW,1004836
110007384534,4343WNTDST121LA,1006123
110000383166,43410WHRLP119BI,1006126
110000404205,47903SBRSZ5500S,1004155
110007602095,56721MRCNCHIGHW,1005751
110000394261,45365CRGLL2400I,1005694
110000419299,53233VLLYP1035W,1006631
110000747924,47635RCKPR2791N,1001037
110000406267,48183DTRTD4695W,1000679
110006166139,61327LLNVCRR1XX,1001525
110041120578,44622DVRLG303EB,1006663
110005926338,61821HDSNT342NM,1002695
110058558010,46368MRCNR6300U,1001620
110007362255,46402MRBLHCLARK,1004187
110013297823,61081STRLN101AV,1006269
110056968651,4804WMRYSV251BU,1001809
110011570193,60409CDRCY138TH,1008012
110028090606,47955SLNDN23W11,1006245
110037269826,6123WPTRTR11PAT,1006469
110037144747,62237GTWYM1311Z,1001683
110000550298,5390WCRDNL165MH,1005358
110043787408,48667THDWCMICHI,1001826
110043787408,48667THDWCMICHI,1010380
110027242320,43920VNRLL1250S,1001897
110018042562,60064BBTTLINTER,1002983
110000404296,47905LLLLYLILLY,1004833
110000407202,48239DTRTD13400,1006281
110000385896,44077LBRZL155FR,1000618
110000427422,56537TTRTL1012W,1000694
110000432933,60441WLLCN529ER,1001523
110001843694,49224NDRSN2625B,1007933
110039561756,4631WRCLRM33DIC,1005021
110017300678,60566MCRSRWARRE,1010418
110017300678,60566MCRSRWARRE,1006259
110012566927,44704LTVST26338,1003799
110056623471,56187SPCNCPOBOX,1005624
110000606158,61025PHNXC16675,1005502
110000407685,48601GMCSG3900H,1005754
110000438036,61554PKNNR1300S,1000413
110000594919,56716MRCNCHIGHW,1006354
110000398374,46402SSGRYONENO,1000418
110037973574,62634LKHRTELKHA,1008388
110000422560,54610DRYLN500OL,1000988
110018853409,56055NRTHS19249,1005020
110054816703,4562WHVRHL2446G,1002777
110031262185,4737WPRMRT1542S,1005853
110002114729,46236GBCKD10640,1011871
110009822102,4371WMRCNN43521,1010106
110014365588,5475WCRDNL22STK,1005558
110000741920,45144DYTNP745US,1000849
110000498710,43055WNSCRCASEA,1002145
110000405767,48150FRDMT36200,1002753
110000423453,54956NNHFN2121B,1004885
110000398338,46394MCLCX2815I,1007339
110017866727,47620NDNFR1200R,1005899
110000410314,49401LPRNF4700R,1005220
110000408531,48901LNSNG601IS,1000682
110016755304,43515NRTHS6767C,1005163
110000416871,53082DGWTR3739L,1000983
110000396991,46217NDNPL3700S,1001533
110000427128,56258MNNST400WE,1001945
110000592831,47882MRMGNHWY54,1006549
110005843338,62223CNTRY1300N,1010659
110000592154,46360NRTHRWABAS,1001539
110037115680,4739WCRDNL1554N,1002882
110000396349,46060PSNBL21225,1001542
110000389847,44481WRRNW1040P,1000177
110030900997,45714SHLLC2982W,1000032
110000497105,46624LLDSG3520W,1011787
110000406837,48215CHRYL2101C,1005551
110017422467,49876CHMPNUSHIG,1001892
110000401725,46992CNTNR455WE,1000427
110000397883,46312SFTYK601RI,1003276
110000850534,45209RCKTN3347M,1002016
110000396946,46206LLSNT4700W,1000048
110001680823,48192WYNDT2555V,1008434
110000385173,44012FRSTN33570,1000843
110000595348,60439NCLCR135TH,1000343
110000438027,61554NCRNC13082,1001521
110033595152,43469MRTNM755LI,1004097
110001814797,60538THDLC2000A,1007782
110009629599,44667CTYFR1100P,1003263
110000566245,48117GRDNN14600,1002905
110000602633,46320STTLN103ST,1007105
110025213061,56001MNKTN1FAZI,1000437
110001829610,55077NVRHL31851,1003409
110000593028,48184FRDMT38303,1002755
110032895357,45714SHLNDHWY7N,1003790
110000420205,53704SCRMY910MA,1002144
110000416381,53044KHLRC444HI,1004632
110000427501,56649BSCSCSECON,1007994
110017421084,48605SGNWG1629N,1002347
110043810926,62024LNCRPLEWIS,1004542
110055064362,43971WHLNG219PU,1006756
110000594811,56284STHRNEASTH,1007098
110000493831,47201NKMRC2900W,1003141
110007372100,55705LSKNN5699C,1000686
110050463923,49036LCHML368WG,1003833
110056930193,56537TTRTL24961,1004731
110043805585,4310WSBLMN3979S,1002989
110043222982,4762WVNTNR721PR,1006490
110000420606,53959GRDFN700AS,1002034
110050297717,48121FRDRG3001M,1005668
110000493555,44711SHLND2408G,1005390
110064107461,55121GPHRS3385S,1007731
110000417433,53142PLSNT80009,1006632
110043813816,55071SHLND100WT,1002027
110000433013,60450QNTMC8805N,1000342
110000384735,43812STNCN500N4,1003419
110000394056,45324CMNTCSWCOR,1006212
110000422908,54848PPTLBEWORD,1003607
110043802267,54981WPCFNTOWER,1001863
110000418502,53208THFLK3001W,1006482
110040996134,44510NRTHS2669W,1002768
110000422524,54603NRTHR200SB,1000219
110000383521,43512GMCXXSTATE,1001755
110000592458,46796NRYLGUS24E,1006093
110042023495,44641JLSPC1500W,1008994
110006165746,60039TCNDSRT31X,1003473
110000591538,43515WRTHN6303C,1011697
110000419789,53549LDSHMEASTJ,1004608
110000396606,46151NDNPL4040B,1001534
110000392557,45043RMCNCMIDDL,1000274
110000591609,43961FRSTNSTATE,1006794
110038166365,53566BDGRS820W1,1002032
110030736693,46947NDRSN3389W,1005969
110040912313,61068LLNSR19STE,1004276
110000391406,44811MGNSM301SA,1010145
110056971807,43138GNRLLROUTE,1003658
110041995758,60088SNVYN201DE,1000286
110002121515,54157WSCNSW1830,1000985
110000592216,46401NRTHRCLARK,1001538
110017397752,55744BLNDN115SW,1006102
110000745739,43512MNVLLTHIRD,1003349
110000431854,60178SYMRF917CR,1007158
110000391040,44706CNTND4575S,1009529
110000403359,47522NVLSR300HW,1006000
110011697075,62217LLNSP1901B,1007302
110000393958,45302HNDFM12500,1001842
110043786249,62953LCTRC2100P,1000340
110017413547,54494CNSLD950FO,1006095
110014325300,47977CNTRL413CR,1010991
110000417709,53154KCRKP4801E,1000982
110000424032,55102HGHBR501SH,1000690
110003609024,48759MCHGN763BE,1006343
110000592788,47635KSTLC6500N,1000214
110001627366,44270MRTNS151SI,1002203
110000433905,60608FSKGN1111W,1007201
110038158524,55396HRTLNHWY19,1003907
110001618385,43902HVLLY56854,1010107
110000594884,56470NVRSKHWY71,1000610
110041963168,60439SDRGN9700S,1001899
110000617226,44482BCLRD2300H,1004221
110000399970,46680NWNRG3201W,1000415
110000412170,49707BTBPR416FO,1005337
110000392860,45153CNCNN1781U,1001007
110001620121,44117LNCLN22801,1002114
110000435191,60633FRDMT12600,1006752
110000385958,44077RCPLS786HA,1010408
110006060145,56118THNLLHWY60,1007830
110000593171,48732DKRNJNWEAD,1007374
110000408942,49016WLDRF177AN,1007871
110002034281,53806JSTNM716JA,1000989
110055498475,4744WGRFFN7358S,1011551
110002321381,46312PRXRNFOOTO,1002120
110002321381,46312PRXRNFOOTO,1002119
110000382005,43130NCHRH1115W,1004508
110000391816,44875SHLBY34MAN,1006014
110000797763,49016PSTDV275CL,1004633
110005427323,54956KMBRL249NO,1003741
110031108584,49276GLBLT1144C,1004228
110039173854,4762WBNGBN8999W,1003377
110002074111,4694WLGNSP8THAN,1007752
110000733010,48079KZSLT916SO,1006063
110000422043,54455MSNPP100MA,1007273
110000607558,46304BTHLHBURNS,1003962
110000402314,47250CLFTY1335C,1001531
110024282186,43612CHRYS4000S,1005554
110000573692,54494CNSLD621BI,1003327
110000500440,61630STPRP600WE,1002575
110000493788,46774SPRRL14214,1004100
110000745971,47905STLYM3300U,1005988
110043798744,47446LHGHP121NO,1003891
110000411037,49445BCCBB151NC,1000668
110020653808,56241GRNTF1545H,1002173
110000392628,45052KSRST10743,1002188
110000434174,60609NCHMC4650S,1001336
110013816228,48162SPRTN3300W,1005418
110000403723,47630SGCFB3711D,1001544
110000568154,49221NDRSN525GU,1004275
110042066046,62655MRNCR800WW,1001517
110017410194,49016MCHGN79EFO,1004672
110000384664,43812CLWWT2266S,1001664
110008058305,48601LCHML2600N,1003296
110008811492,56073NWLMP310FI,1003704
110000403420,47542FRBST4689S,1010674
110021292260,6009WZNNRG9THST,1000805
110000418174,53201MLLRB4000W,1006570
110000437965,61547CTRPL8826W,1005990
110000385164,44012FRDMT650MI,1000104
110000409843,49204QNXCRPOBOX,1003965
110000386225,44092THLBR29400,1000621
110000592396,46721STLDY4500C,1005584
110000396223,46041FRTLYROAD3,1005677
110000605426,43913CRDNL306CO,1000839
110000389482,44314KZSLT2065M,1006625
110000594081,53806NLSND11999,1000984
110000398212,46368BTSTL6500S,1007866
110000439366,62433MRNCR15142,1001516
110000404740,48054DTRTD4901P,1000678
110001368797,47130PLLMR71PRT,1010569
110056961257,60406BTLSP131ST,1004869
110042073332,45636RSTCHRT52A,1007401
110000573718,54494CNSLD231FI,1004874
110000405384,48091WRRNS22800,1005553
110002044715,53177SCJHN2512W,1003248
110038932411,60434MCCHM12MIL,1009505
110000850945,54481NNHPP3243W,1005293
110000425656,55418RVRSD3100M,1000693
110000406917,48218DTRTD1BELA,1000677
110000392487,45042BYWST700CO,1006558
110008581659,44446FRSTN1047B,1000850
110040969805,53105BLLFS815SM,1005977
110001850015,56201WLLMR71BEN,1004590
110008058369,48218DTRTL25MAR,1006263
110037389260,4724WHNDMN2755N,1011124
110013886875,61242MXXXX22614,1006665
110000403670,47620GPLSTLEXAN,1007511
110000412394,49858MNMNP144FI,1006129
110000494732,61821KRFTN1701W,1011249
110000404802,48060BDDYP1700W,1004895
110000392156,45012THBCK400DA,1007977
110000432265,60410VNDNBI55AR,1004708
110000591841,45144DYTNP14869,1001010
110000427020,56156GRNRG502SW,1005284
110033219167,46120LTRND2265E,1005382
110030482047,46952CNTRL2955W,1006083
110033219050,5603WBFFLL1125B,1005526
110000395590,45833CNTRL234SJ,1004821
110000834036,4702WNCHRG2WEST,1002178
110005980867,4631WPHNXS3236W,1001346
110002353854,62934WLLWL420LO,1001681
110017431162,49252MCHGN720HE,1000993
110017412771,54981WPCFN406ND,1002200
110067426654,45001HRCLS356TH,1002879
110007158128,43113PPGNDPITTS,1003304
110000423612,55003SKNGG1103K,1000691
110000397197,46221NTNLS1515D,1005479
110000407417,48422MCHGN159SO,1004477
110001923278,53211WSCNS1514E,1000041
110000850525,45750GRSCHRTE7S,1007185
110000595794,62644HVNPWSTRTE,1001524
110000592047,46041RCHRDPOBOX,1003215
110031001421,53935NTDWSW1231,1002662
110029312349,47978RQSBN751WS,1003714
110006306274,44045LTVST15WIL,1004081
110000833518,62656BLLGL1200N,1000004
110000401538,46947WLSNF35BYP,1006783
110000421614,54305JMSRV500DA,1000590
110000412303,49801GRDFN801SC,1007223
110000405393,48091WRRNT21500,1005485
110043419903,54221MRRCR2001M,1002751
110000408791,49007JMSRV243EA,1000409
110011945681,44105SGCLV3060E,1007177
110000426995,56098CRNPL7116T,1002950
110000384496,43701WNSBR1700S,1002226
110000758298,48441THNTR30BUE,1002529
110000741859,44681BLDNBDOVER,1005773
110017409320,55337BLCKD1400E,1000689
110000850623,45804LMRMY1155B,1002228
110038364221,5464WCSTLRINTER,1005051
110009650911,43566MNVLLPLANT,1002922
110011828068,60650KPPRS3900S,1000336
110000741715,43302MRNST912CH,1007577
110006142414,54467RDFDS1701H,1002284
110000421918,54417WSPPR2NDST,1006679
110000418156,53201HRNSC4400W,1010264
110000746211,61953QNTMCROUTE,1007110
110000439623,62618XCLCRRR1BO,1002346
110000397516,46241RLLYT1500S,1001155
110000404198,47903LCLFYEASTM,1004649
110040897269,47581NWNGCUSHWY,1002741
110000386029,44087DYGLC1570E,1007765
110001442341,5579WVRGNP6182N,1003228
110040862527,49423HLLND491E4,1001106
110037388877,4614WCVNCL671SM,1011198
110055038347,6044WGWLCT35WES,1009613
110009397535,55379BLLKG127TH,1000424
110000383317,43460LBBYW140DI,1002499
110041962873,62084SHLLLRTE11,1007518
110000382381,43207LSLCT1800W,1006951
110000427075,56215CHPPW27020,1001143
110012566767,44482LTVST2234M,1003380
110000557594,60915RMRPHRT50A,1005577
110000737070,56401PTLTC1801M,1003856
110000411108,49460JHCMP17000,1000670
110000602045,47630LMNMCHIGHW,1001877
110001318770,48723MCHGN725AL,1006312
110000544233,54494CNSLDNASHR,1007400
110000421151,54154SCTTP106EC,1004083
110000422597,54632DRYLNS4651,1005775
110017422733,48042GNRLM3300G,1004695
110000384325,43616FRSTN4701B,1007242
110000417228,53110LDSHC5481S,1005442
110000421384,54221MNTWC1303S,1000987
110000538963,56345CNTRL17936,1003924
110003781578,56560BSCHG21012,1003086
110000434236,60614FNKLS2011S,1006436
110009973831,47586WPCFN9856S,1002756
110000394029,45320NTNTP975SO,1009879
110000385645,44055SSLRN1807E,1002714
110000400325,46733CNTRL1200N,1004599
110000595339,60434MBLJLINTER,1006068
110000595339,60434MBLJLINTER,1005852
110000394948,45449PPLTN1030W,1002434
110001476670,61125SNSTR24211,1007076
110057445581,44004SCMCH2900M,1001839
110041698268,53182PRSGN35517,1001108
110031262407,56137HRNLK91246,1005929
110025336580,48849SBWDB7795S,1003135
110000424390,55114WLDRF2250W,1006988
110022398369,53726MGWST515WA,1000249
110009989904,60525GMCLC9301W,1005197
110000393191,45215GNRLL1NEUM,1001862
110000381881,43113DPNTCUSRT2,1001720
110041946197,45804GRDNL2485H,1010679
110056955120,6206WBNGBN395BI,1005170
110033155920,4601WNSTS431W7X,1006970
110009423702,43502LCHYF901ST,1002022
110000383549,43512MNVLLCARPE,1003348
110000421534,54303PLLMP1530N,1000790
110000578072,62525STLYM2200E,1000334
110000422962,54880MRPHY24THA,1003472
110000420900,54123SCTTP3120R,1002013
110000422267,54487NKSPCN9090,1003884
110001848886,48090GMCTC6250C,1000380
110011266003,62568GSRGP1200E,1011038
110001815518,61301LLNSCLIBER,1006738
110043806101,62864GNRLTHWY14,1003416
110000438107,61602RCHRDFOOTO,1000466
110000392557,45043RMCNC1801C,1000274
110018402780,61537THGNCRURAL,1002652
110001686042,60436MNVLLRTE6C,1003567
110013812918,54768CTHNL815WM,1004761
110025333057,46392GRGPC484EC,1005956
110043801810,5570WMSBNG65HIG,1005144
110064208502,54303NMXCR2099S,1000360
110000401360,46902KKMTR2401S,1007544
110000434940,60629NBSCB7300S,1002194
110000386494,44103DYGLC4515S,1007555
110000426478,55912GHRML500NE,1006347
110000594642,55924LCRNCHWY14,1005149
110000437947,61520CLCDC17751,1001004
110001840964,48157JRWHT4525E,1000672
110000395938,45885PSTMR1100M,1005445
110000416782,53081JLFRN4243G,1006488
110000427093,56232GPRCS8THDI,1002291
110018311389,61832TPKNC915NM,1002594
110000436476,61021DXNMR1914W,1004899
110025317235,62451LNCLN146N1,1004668
110056904060,43302PTBRF166HI,1004902
110018318649,61354JMSHR17UNI,1010611
110000423426,54952SPPRM69WAS,1002862
110035810799,551443MC3M251CN,1002574
110035810799,551443MC3M251CN,1005043
110000384940,43964TMTDV100TI,1004944
110000424407,55116FRDMT966SM,1003226
110043972207,60901HNKLCSKENS,1000356
110000437377,61125SNDST4747H,1007077
110000386699,44105LMNMC1600H,1005286
110000592010,45879LFRGCCOUNT,1007766
110000407783,48626HMLCK12334,1003967
110000395484,45804SPRRF1820M,1011726
110000407257,48310FRDMT39000,1003262
110064152385,55441HNYWL12001,1010241
110000493902,47902STLYM2245N,1001675
110000405927,48161DTRTD3500E,1000676
110017426962,49855MRQTTEHAMP,1000684
110000423658,55016LSPCT95251,1001291
110000593910,53019WSTRNN4520,1002455
110033676564,5618WVLRWL14441,1006946
110037144603,46402RCLRM1NBRA,1000895
110043810276,53074PRTWS146SW,1006630
110008754721,55425VTCNC2800E,1009807
110042001847,61520NWCNR2329E,1006491
110043795462,43611SPCLT655BR,1002973
110000419538,53511RCKRV827WB,1005672
110000554828,48217MRTHN1300S,1006388
110040877619,54457NKSMLMARKE,1004396
110017414742,60501CRNPR6400A,1000261
110000742019,46206LLSNG2001S,1002607
110017425375,48077STRLN38111,1007918
110000409291,49078MNSHC320NF,1000248
110000591930,45715MRCNLCOUNT,1003708
110000591930,45715MRCNLCOUNT,1000852
110000394145,45342DYTNP9200C,1000848
110024871183,5620WBSHML1725H,1003837
110032592308,4671WGRNPL1441S,1005791
110041026412,55057MLTML701WF,1006273
110000432862,60439NCLCH317WE,1007127
110013863275,54307FRTHW1919S,1000589
110060497001,48121RGSTL3001M,1003403
110000401459,46947CPLYCSTATE,1006136
110006367172,55613TCNTH8124W,1000149
110000592662,47374WHTWT2000U,1005667
110039176030,6093WNRTHN22NRT,1002356
110043808993,61299SRMYRROCKI,1002814
110002121356,53704MNDTL301TR,1007760
110043810043,54308THPRC501EA,1002111
110000401397,46904KKMCS1001E,1005552
110000437661,61350BRGWRCANAL,1003842
110000792786,46783GMCTR12200,1003506
110000594802,56283CNTRLRRCOR,1003901
110000439393,62448MRNCR6725N,1001005
110017420049,62959STHRN11543,1001530
110000592813,47670PSNRGHWY64,1001030
110000823379,45202CGMMF10800,1000841
110000409914,49221RVNMS915TA,1010925
110021315094,56347CNTRLHWY71,1006809
110001987958,45433SDDSFDEPAR,1006150
110032967957,56007GRRSR1MILE,1000857
110000741920,45144RSHGS315US,1000849
110008978552,61048DKNSN4350W,1003422
110000410341,49412GRBRP405ST,1003206
110000432504,60421STPNCRURAL,1005292
110000498774,45241FRDMT3000S,1003264
110066942526,46312NLNDS3210W,1000156
110066942526,46312NLNDS3210W,1001348
110000390862,44683MCRCY7335N,1002324
110000424452,55119NRTHS1678R,1005298
110010456283,47130THPQC7THST,1007045
110000426469,55906RCHST425WS,1000695
110000399792,46580THDLTCORNE,1005907
110058771495,47670TYTMT4000T,1001828
110041990389,62942MRNCR1820P,1001515
110000430178,60087WKGNG10GRE,1001522
110009515417,53080CHRTR1658C,1006901
110033028738,44055LRNTB2199E,1001619
110056970461,46167QLTCH8000N,1003688
110037389224,4600WPTBRF13179,1006114
110017421226,49091RSSLB700WL,1002853
110023013228,54130FXNRGN231E,1000421
110035808855,45232CGNSC49EST,1007325
110000594401,55066SGNTR27384,1002000
110001442458,55379NCHRG4108V,1004942
110000396624,46161CNTRL700NO,1002433
110000438731,62040MRCNS1700W,1003757
110000387402,44125MRCNS4300E,1003474
110000384922,43947FRSTN57246,1006913
110040958425,48917LNSNG3725S,1000683
110000541708,49423HLLND64PIN,1000681
110000602125,62540KNCDG4MILE,1001520
110017422582,62549PPGNDELWIN,1004085
110025332030,49971WHTPN3377P,1005366
110001801364,60069NCHLS2SCHE,1002935
110037061988,5604WGRDNN47453,1000872
110020518974,56031CHSLS18331,1004657
110000790653,62953MSSRPCOUNT,1000243
110015682215,60627CMSTL13500,1006325
110043812158,43040HNDFM2400A,1001841
110057243040,45786GLBMTCOUNT,1006473
110000436528,61032KLLYS3769R,1003486
110000753122,49001THPJH7171P,1002606
110000614265,48906MTRWH1600N,1001105
110000416425,53048QDGRP952BA,1005009
110000427315,56377CHMPN100EA,1003164
110000410724,49431GRTLK800NW,1010034
110006402605,62002LLNSPNO1CH,1001527
110000401351,46902HYNSN1020W,1007869
110000412447,49862KMBRL601EM,1005838
110000497132,48111WYNDS49350,1005269
110000397730,46304NRTHR246BA,1001537
110056958225,49634TSFLR700ME,1000534
110013325507,56001RCHRD3RDHA,1002154
110000407881,48707MNTRS2600S,1005758
110005983793,47721BRSTL2404P,1005447
110000386500,44103FRSTN6800S,1000844
110000578679,53963LTDRYN3545,1006847
110000888736,60160NVSTR10400,1006190
110044852068,6225WPRRST1739N,1001887
110000888549,60419BLLGL13850,1000105
110000419226,53226MLWKC9250W,1002210
110000425692,55420HTCHC8701H,1002358
110056972655,56267MRRSGHWY59,1002177
110000424700,55308NRTHR13999,1001024
110002319982,44830RCHRD608FI,1011855
110016858916,54220RCKWL4110R,1004375
110000742929,60436JLTGN1800C,1001453
110000418824,53215HRNSC4107W,1010265
110033218426,62201CNTRT231MN,1007764
110056959929,4483WPTBRF2111S,1006912
110033219078,5392WDDNTHN788S,1001071
